[
  {
    "condition": "minecraft:all_of",
    "terms": [
      {
        "condition": "minecraft:inverted",
        "term": {
          "condition": "minecraft:entity_properties",
          "entity": "this",
          "predicate": {
            "effects": {
              "minecraft:resistance": {}
            }
          }
        }
      },
      {
        "condition": "minecraft:entity_scores",
        "entity": "this",
        "scores": {
          "dreadfullib.resistance": 1
        }
      }
    ]
  }
]
