{
  "criteria": {
    "requirement": {
      "trigger": "minecraft:tick",
      "conditions": {
        "player": [
          {
            "condition": "minecraft:any_of",
            "terms": [
              {
                "condition": "minecraft:reference",
                "name": "dreadfullib:effect_score/absorption"
              },
              {
                "condition": "minecraft:reference",
                "name": "dreadfullib:effect_score/bad_omen"
              },
			  {
                "condition": "minecraft:reference",
                "name": "dreadfullib:effect_score/blindness"
              },
			  {
                "condition": "minecraft:reference",
                "name": "dreadfullib:effect_score/conduit_power"
              },
			  {
				"condition": "minecraft:reference",
                "name": "dreadfullib:effect_score/darkness"
              },
			  {
				"condition": "minecraft:reference",
                "name": "dreadfullib:effect_score/dolphins_grace"
              },
			  {
				"condition": "minecraft:reference",
                "name": "dreadfullib:effect_score/fire_resistance"
              },
			  {
				"condition": "minecraft:reference",
                "name": "dreadfullib:effect_score/glowing"
              },
			  {
				"condition": "minecraft:reference",
                "name": "dreadfullib:effect_score/haste"
              },
			  {
				"condition": "minecraft:reference",
                "name": "dreadfullib:effect_score/health_boost"
              },
			  {
				"condition": "minecraft:reference",
                "name": "dreadfullib:effect_score/hero_of_the_village"
              },
			  {
				"condition": "minecraft:reference",
                "name": "dreadfullib:effect_score/hunger"
              },
			  {
				"condition": "minecraft:reference",
                "name": "dreadfullib:effect_score/invisibility"
              },
			  {
				"condition": "minecraft:reference",
                "name": "dreadfullib:effect_score/jump_boost"
              },
			  {
				"condition": "minecraft:reference",
                "name": "dreadfullib:effect_score/levitation"
              },
			  {
				"condition": "minecraft:reference",
                "name": "dreadfullib:effect_score/luck"
              },
			  {
				"condition": "minecraft:reference",
                "name": "dreadfullib:effect_score/mining_fatigue"
              },
			  {
				"condition": "minecraft:reference",
                "name": "dreadfullib:effect_score/nausea"
              },
			  {
				"condition": "minecraft:reference",
                "name": "dreadfullib:effect_score/night_vision"
              },
			  {
				"condition": "minecraft:reference",
                "name": "dreadfullib:effect_score/poison"
              },
			  {
				"condition": "minecraft:reference",
                "name": "dreadfullib:effect_score/regeneration"
              },
			  {
				"condition": "minecraft:reference",
                "name": "dreadfullib:effect_score/resistance"
              },
			  {
				"condition": "minecraft:reference",
                "name": "dreadfullib:effect_score/saturation"
              },
			  {
				"condition": "minecraft:reference",
                "name": "dreadfullib:effect_score/slow_falling"
              },
			  {
				"condition": "minecraft:reference",
                "name": "dreadfullib:effect_score/slowness"
              },
			  {
				"condition": "minecraft:reference",
                "name": "dreadfullib:effect_score/speed"
              },
			  {
				"condition": "minecraft:reference",
                "name": "dreadfullib:effect_score/strength"
              },
			  {
				"condition": "minecraft:reference",
                "name": "dreadfullib:effect_score/unluck"
              },
			  {
				"condition": "minecraft:reference",
                "name": "dreadfullib:effect_score/water_breathing"
              },
			  {
				"condition": "minecraft:reference",
                "name": "dreadfullib:effect_score/weakness"
              },
			  {
				"condition": "minecraft:reference",
                "name": "dreadfullib:effect_score/wither"
              }
            ]
          }
        ]
      }
    }
  },
  "rewards": {
    "function": "dreadfullib:effect_tracker/has"
  }
}
